From,To
User5,User7
User6,User2
User3,User18
User19,User22
User5,User21
User5,User24
User6,User4
User6,User17
User3,User25
User3,User28
User19,User7
User29,User6
User6,User3
User3,User19
User7,User2
User2,User18
User18,User22
User7,User18
User17,User0
User4,User30
User25,User20
User31,User6
User27,User6
User26,User6
User8,User4
User8,User33
User8,User6
User8,User32
User33,User4
User33,User6
User33,User16
User33,User13
User33,User14
User33,User15
User33,User1
User4,User6
User4,User1
User4,User12
User4,User16
User4,User26
User32,User31
User16,User3
User16,User25
User16,User8
User16,User17
User13,User11
User13,User12
User13,User14
User14,User19
User14,User21
User15,User33
User15,User18
User15,User2
User11,User3
User11,User20
User9,User8
User11,User10
User1,User5
User1,User6